"Polling","Council","Ward","Defending","Outgoing councillor","Cause","Remarks","Prev results","C cand","Lab cand","LD cand","Grn cand","UKIP cand","SNP/PC cand","Other cand"
"2021-03-11","Highland","Aird/Loch Ness","C","George Cruickshank","Death",,"andrewteale.me.uk/i18429","Gavin Berkenheger","Bill Moore","Martin Robertson","Ryan Mackintosh",,"Gordon Shanks","David Fraser (Ind)"
"2021-03-18","Argyll/Bute","Helensburgh/Lomond S","LD","Ellen Morton","Death",,"andrewteale.me.uk/i10496","Gemma Penfold","Jane Kelly","Henry Boswell","Mike Crowe",,"Math Campbell-Sturgess","Paul Burrows (Workers Party)"
"2021-03-18","Argyll/Bute","Isle of Bute","Ind","Len Scoullar","Death",,"andrewteale.me.uk/i10493","Peter Wallace","Dawn Macdonald",,,,"Kim Findlay","Fraser Gillies (Ind), Liz McCabe (Ind)"
"2021-03-18","Conwy","Eirias","Ind","Dave Cowans","Death",,"andrewteale.me.uk/i11825","Debra Jones","Paul Richards","Lisa Wilkins","Adam Turner",,"Patrick Cahill","Gail Jones (Ind)"
"2021-03-18","Denbighshire","Corwen","PC","Huw Jones","Death",,"andrewteale.me.uk/i11784",,"Gordon Hughes","Lisa Davies",,,"Alan Hughes",
"2021-03-18","Glasgow","Baillieston","Lab","Jim Coleman","Disqualification","Non-attendance","andrewteale.me.uk/i18414","John Daly","William Docherty","Daniel Donaldson","Lorraine McLaren","Christopher Ho","David Turner",
"2021-03-18","Glasgow","Partick E/Kelvindale","Ind","Tony Curtis","Disqualification","Non-attendance; elected as C","andrewteale.me.uk/i18417","Naveed Asghar","Jill Brown","Tahir Jameel","Blair Anderson","Donald Mackay","Abdul Bostani",
"2021-03-18","Wrexham","Maesydre","Lab","Paul Jones","Resignation",,"andrewteale.me.uk/i11262","Catherine Brown","Tom Stanford","Peter Davies",,,"Becca Martin","Clive Ray (Ind)"
"2021-03-25","Gwynedd","Llanrug","PC","Charles Jones","Death",,"andrewteale.me.uk/i11893",,,"Calum Davies",,,"Beca Brown","Martin Bristow (Ind), Richard Green (Ind)"
"2021-03-25","Midlothian","Midlothian E","SNP","Kenneth Baird","Resignation",,"andrewteale.me.uk/i18450","Alan Symon","Hazel Flanagan","Margaret Davis","Joy Godfrey",,"Stuart McKenzie",
"2021-03-25","Perth/Kinross","Almond/Earn","SNP","Henry Anderson","Death","COVID-19","andrewteale.me.uk/i18499","Frank Smith","Craig Masson","Claire McLaren",,,"Michelle Frampton",
"2021-04-01","Monmouthshire","St Kingsmark","C","David Dovey","Death",,"andrewteale.me.uk/i11336","Christopher Edwards","Tom Kirton","Jenni Brews",,,,
"2021-04-08","Torfaen","Abersychan","Ind","Raymond Williams","Death","Reportedly COVID-19, please check","andrewteale.me.uk/i11455","Tristan Griffin","Lynda Clarkson",,,,,"Kieran Gething (Propel), Charlotte Hill (Ind), John Tomlinson (Ind)"
"2021-04-08","Torfaen","Cwmyniscoy","Lab","Neil Waite","Resignation",,"andrewteale.me.uk/i11461",,"John Killick",,,,,"Ben Evans (Propel), Bridgette Harris (Ind)"
"2021-04-08","Torfaen","New Inn","C","Raymond Mills","Resignation",,"andrewteale.me.uk/i11467","Keith James","Farroq Dastgir",,,,,"Ross Attfield (Ind)"
"2021-05-06","Adur","Churchill","C","Pat Beresford","Death",,"andrewteale.me.uk/i5288",,,,,,,
"2021-05-06","Allerdale","Aspatria","C","Mike Little","Resignation","Elected as Putting Cumbria First","andrewteale.me.uk/i19530",,,,,,,
"2021-05-06","Allerdale","Christchurch","Lab","Joan Ellis","Resignation",,"andrewteale.me.uk/i19533",,,,,,,
"2021-05-06","Allerdale","Ellen/Gilcrux","Lab","John Colhoun","Disqualification","Non-attendance","andrewteale.me.uk/i19536",,,,,,,
"2021-05-06","Allerdale","Seaton/Northside","C","Mark Jenkinson MP","Resignation",,"andrewteale.me.uk/i19546",,,,,,,
"2021-05-06","Allerdale","St John's","Ind","Joe Holliday","Death",,"andrewteale.me.uk/i19544",,,,,,,
"2021-05-06","Amber Valley","Somercotes","Lab","Brian Lyttle","Death",,"andrewteale.me.uk/i6739",,,,,,,
"2021-05-06","Arun","Brookfield","LD","Chris Blanchard-Cooper","Death",,"andrewteale.me.uk/i16940",,,,,,,
"2021-05-06","Arun","Pevensey","LD","Inna Erskine","Resignation",,"andrewteale.me.uk/i16951",,,,,,,
"2021-05-06","Ashfield","Skegby","Ashfield Ind","Anthony Brewer","Death","Chairman; COVID-19","andrewteale.me.uk/i17711",,,,,,,
"2021-05-06","Ashford","Beaver","Lab","Alex Ward","Death",,"tinyurl.com/y338atz9",,,,,,,
"2021-05-06","Barking/Dagenham","Thames","Lab","Bill Turner","Resignation",,"andrewteale.me.uk/i14",,,,,,,
"2021-05-06","Barnet","Edgware","C","Brian Gordon","Death",,"andrewteale.me.uk/i25",,,,,,,
"2021-05-06","Barrow-in-Furness","Hindpool","Lab","Dave Piddock","Resignation",,"andrewteale.me.uk/i5725",,,,,,,
"2021-05-06","Barrow-in-Furness","Roosecote","C","Rory McClure","Death",,"andrewteale.me.uk/i5730",,,,,,,
"2021-05-06","Basildon","Langdon Hills","Ind","Imelda Clancy","Death",,"andrewteale.me.uk/i3729",,,,,,,
"2021-05-06","Bassetlaw","Ranskill","Lab","Paul Nicholls","Resignation",,"andrewteale.me.uk/i7704",,,,,,,
"2021-05-06","Bassetlaw","Tuxford/Trent","C","Keith Isard","Resignation",,"andrewteale.me.uk/i7707",,,,,,,
"2021-05-06","Birmingham","Billesley","Lab","Lucy Seymour-Smith","Resignation",,"andrewteale.me.uk/i18697",,,,,,,
"2021-05-06","Birmingham","Hall Green N","Lab","Lou Robson","Resignation",,"andrewteale.me.uk/i18713",,,,,,,
"2021-05-06","Birmingham","Oscott","Lab","Keith Linnecor","Death",,"andrewteale.me.uk/i18732",,,,,,,
"2021-05-06","Birmingham","Quinton","Lab","John Clancy","Resignation",,"andrewteale.me.uk/i18736",,,,,,,
"2021-05-06","Blaby","Stanton/Flamville","C","Sheila Scott","Resignation",,"andrewteale.me.uk/i7506",,,,,,,
"2021-05-06","Blackpool","Highfield","C","Lily Henderson","Death","Aged 94","andrewteale.me.uk/i1923",,,,,,,
"2021-05-06","Blackpool","Norbreck","Ind","Peter Callow","Death",,"andrewteale.me.uk/i1927",,,,,,,
"2021-05-06","Bolsover","Bolsover N/Shuttlewood","Lab","Pat Cooper","Resignation",,"tinyurl.com/yd4q73fs",,,,,,,
"2021-05-06","Bolsover","Pinxton","Ind","James Watson","Death",,"tinyurl.com/yd4q73fs",,,,,,,
"2021-05-06","Bolton","Astley Bridge","C","Paul Wild","Death",,"andrewteale.me.uk/i625",,,,,,,
"2021-05-06","Boston","Skirbeck","Ind","Martin Howard","Resignation","Elected as C","andrewteale.me.uk/i16925",,,,,,,
"2021-05-06","Boston","Skirbeck","Ind","Colin Woodcock","Resignation",,"andrewteale.me.uk/i16925",,,,,,,
"2021-05-06","Bournemouth/Christchurch/Poole","Canford Heath","LD","Pete Parrish","Death",,"andrewteale.me.uk/i20941",,,,,,,
"2021-05-06","Bournemouth/Christchurch/Poole","Commons","Ind","Colin Bungey","Death",,"andrewteale.me.uk/i20943",,,,,,,
"2021-05-06","Bradford","Bingley R","C","Mike Ellis","Death",,"andrewteale.me.uk/i1319",,,,,,,
"2021-05-06","Bradford","Keighley C","Lab","Abid Hussain","Death","COVID-19","andrewteale.me.uk/i1331",,,,,,,
"2021-05-06","Braintree","Witham S","C","Ronald Ramage","Resignation",,"andrewteale.me.uk/i16614",,,,,,,
"2021-05-06","Bridgend","Nant-y-moel","Ind","David Owen","Resignation","Serving a 3yr prison sentence: conspiracy to steal, handling stolen goods","andrewteale.me.uk/i10851",,,,,,,
"2021-05-06","Brighton/Hove","Hollingdean/Stanmer","Lab","Tracey Hill","Resignation",,"andrewteale.me.uk/i2036",,,,,,,
"2021-05-06","Brighton/Hove","Patcham","C","Lee Wares","Resignation",,"andrewteale.me.uk/i2039",,,,,,,
"2021-05-06","Broxtowe","Stapleford SW","Lab","Ray Darby","Death",,"andrewteale.me.uk/i17568",,,,,,,
"2021-05-06","Calderdale","Greetland/Stainland","LD","Marilyn Greenwood","Death",,"andrewteale.me.uk/i1350",,,,,,,
"2021-05-06","Canterbury","Swalecliffe","C","Ian Thomas","Death","Suicide","andrewteale.me.uk/i17456",,,,,,,
"2021-05-06","Canterbury","Westgate","Lab","Gill Gower","Death",,"andrewteale.me.uk/i17459",,,,,,,
"2021-05-06","Carlisle","Cathedral/Castle","Lab","Christopher Robinson","Resignation",,"andrewteale.me.uk/i21165",,,,,,,
"2021-05-06","Carlisle","Newtown/Morton N","Lab","Calvin Rogerson","Resignation",,"andrewteale.me.uk/i21171",,,,,,,
"2021-05-06","Castle Point","St George's","C","Brian Wood","Death","COVID-19","andrewteale.me.uk/i3793",,,,,,,
"2021-05-06","Chelmsford","Moulsham Lodge","LD","Mark Springott","Resignation",,"andrewteale.me.uk/i3810",,,,,,,
"2021-05-06","Ches E","Crewe W","Lab","Brian Roberts","Death",,"andrewteale.me.uk/i10940",,"Originally scheduled for 2020-04-23",,,,,
"2021-05-06","Ches W/Chester","Frodsham","C","Andrew Dawson","Resignation","Falkland Is Govt","andrewteale.me.uk/i20352",,,,,,,
"2021-05-06","Ches W/Chester","Neston","Lab","Andy Williams","Death",,"andrewteale.me.uk/i20363",,,,,,,
"2021-05-06","Colchester","Prettygate","C","Beverly Davies","Resignation",,"andrewteale.me.uk/i17770",,,,,,,
"2021-05-06","Copeland","Whitehaven C","Lab","Sean Cullen","Disqualification","Non-attendance","tinyurl.com/qla4o9x",,"Originally scheduled for 2020-03-26",,,,,
"2021-05-06","Coventry","Wyken","Lab","Hazel Sweet","Death",,"andrewteale.me.uk/i1211",,,,,,,
"2021-05-06","Craven","Barden Fell","Ind","David Pighills","Disqualification","Non-attendance","andrewteale.me.uk/i8153",,,,,,,
"2021-05-06","Craven","Penyghent","C","Richard Welch","Death",,"andrewteale.me.uk/i8162",,,,,,,
"2021-05-06","Crawley","Ifield","Lab","Geraint Thomas","Death",,"andrewteale.me.uk/i21140",,,,,,,
"2021-05-06","Croydon","New Addington N","Lab","Simon Hall","Resignation",,"andrewteale.me.uk/i19801",,,,,,,
"2021-05-06","Croydon","Woodside","Lab","Tony Newman","Resignation","Former Leader","andrewteale.me.uk/i19820",,,,,,,
"2021-05-06","Cumbria CC","Brampton","C","Lawrence Fisher","Death",,"andrewteale.me.uk/i13692",,,,,,,
"2021-05-06","Cumbria CC","Cockermouth N","LD","Rebecca Hanson","Resignation",,"andrewteale.me.uk/i13664",,,,,,,
"2021-05-06","Cumbria CC","St Johns/Great Clifton","Ind","Joe Holliday","Death",,"andrewteale.me.uk/i13673",,,,,,,
"2021-05-06","Cumbria CC","Ulverston W","C","James Airey","Resignation",,"andrewteale.me.uk/i13743",,,,,,,
"2021-05-06","Dacorum","Leverstock Grn","C","Graham Sutton","Death",,"andrewteale.me.uk/i3102",,,,,,,
"2021-05-06","Dacorum","Tring C","LD","John Bowden","Death",,"andrewteale.me.uk/i3105",,,,,,,
"2021-05-06","Darlington","Red Hall/Lingfield","Lab","Sam Howarth","Resignation",,"andrewteale.me.uk/i17477",,,,,,,
"2021-05-06","Dartford","Darenth","C","Ian Armitt","Resignation",,"tinyurl.com/yxzqr32o",,,,,,,
"2021-05-06","Dartford","Wilmington/Sutton-at-Hone/Hawley","C","Calvin McLean","Resignation","Politically-restricted post","tinyurl.com/yxzqr32o",,,,,,,
"2021-05-06","Derby","Darley","Lab","Lisa Eldret","Resignation",,"andrewteale.me.uk/i1529",,,,,,,
"2021-05-06","Derbys Dales","Masson","Lab","Joyce Pawley","Death",,"andrewteale.me.uk/i6799",,,,,,,
"2021-05-06","Derbys Dales","Wirksworth","Lab","Elisa McDonagh","Resignation",,"andrewteale.me.uk/i6806",,,,,,,
"2021-05-06","Dover","Mill Hill","Lab","Joseph Burman","Resignation",,"tinyurl.com/2wafdume",,,,,,,
"2021-05-06","E Devon","Whimple/Rockbeare","Ind","Kathy McLauchlan","Resignation",,"tinyurl.com/8bsq21vm",,,,,,,
"2021-05-06","E Hants","Bramshott/Liphook","C","Rebecca Standish","Resignation",,"tinyurl.com/ywr9pj7b",,,,,,,
"2021-05-06","E Hants","Grayshott","C","Ferris Cowper","Resignation",,"tinyurl.com/ywr9pj7b",,,,,,,
"2021-05-06","E Lindsey","Chapel St Leonards","C","Mel Turton-Leivers","Resignation",,"andrewteale.me.uk/i17177",,,,,,,
"2021-05-06","E Riding","SW Holderness","C","Mike Bryan","Death","COVID-19","andrewteale.me.uk/i2963",,,,,,,
"2021-05-06","E Staffs","Eton Park","Lab","Sonia Andjelkovic","Death",,"andrewteale.me.uk/i5077",,"Originally scheduled for 2020-03-26",,,,,
"2021-05-06","E Staffs","Eton Park","Ind","Dale Spedding","Resignation",,"andrewteale.me.uk/i5077",,"Originally scheduled for 2020-03-26",,,,,
"2021-05-06","E Suffolk","Framlingham","C","William Taylor","Resignation",,"andrewteale.me.uk/i21026",,,,,,,
"2021-05-06","Ealing","Ealing Bdwy","C","Alex Stafford MP","Resignation",,"andrewteale.me.uk/i81",,,,,,,
"2021-05-06","Ealing","Hanger Hill","C","Joy Morrissey MP","Resignation",,"andrewteale.me.uk/i87",,,,,,,
"2021-05-06","Ealing","Hobbayne","Lab","Anna Tomlinson","Death",,"andrewteale.me.uk/i88",,,,,,,
"2021-05-06","Eastbourne","Hampden Park","LD","Dean Sabri","Resignation",,"tinyurl.com/yyjwpnbl",,,,,,,
"2021-05-06","Eden","Hartside","C","Robin Orchard","Death",,"andrewteale.me.uk/i5789",,,,,,,
"2021-05-06","Eden","Skelton","C","Kevin Beaty","Resignation",,"andrewteale.me.uk/i5807",,,,,,,
"2021-05-06","Enfield","Chase","Lab","Vicki Pite","Resignation",,"andrewteale.me.uk/i103",,,,,,,
"2021-05-06","Enfield","Jubilee","Lab","Bernadette Lappage","Resignation",,"andrewteale.me.uk/i111",,,,,,,
"2021-05-06","Enfield","Southbury","Lab","Chris Bond","Death",,"andrewteale.me.uk/i115",,,,,,,
"2021-05-06","Epping Forest","Waltham Abbey High Beach","C","Syd Stavrou","Death",,"andrewteale.me.uk/i3876",,,,,,,
"2021-05-06","Exeter","Mincinglake/Whipton","Lab","Judith Pattison","Death",,"andrewteale.me.uk/i18018",,,,,,,
"2021-05-06","Fenland","Lattersey","C","Alan Bristow","Death",,"andrewteale.me.uk/i17097",,,,,,,
"2021-05-06","Flintshire","Gwernymynydd","Ind","Kevin Hughes","Death","COVID-19","andrewteale.me.uk/i11753",,,,,,,
"2021-05-06","Forest of Dean","Berry Hill","Ind","Michelle Mumford","Resignation","Independent Alliance","tinyurl.com/wuzxsqo",,,,,,,
"2021-05-06","Forest of Dean","Cinderford E","Lab","Max Coborn","Resignation",,"tinyurl.com/wuzxsqo",,,,,,,
"2021-05-06","Gateshead","Birtley","Lab","Neil Weatherley","Death",,"andrewteale.me.uk/i1043",,,,,,,
"2021-05-06","Gravesham","Westcourt","Lab","Colin Caller","Death",,"andrewteale.me.uk/i4811",,"Originally scheduled for 2020-04-16",,,,,
"2021-05-06","Greenwich","Glyndon","Lab","Tonia Ashikodi","Resignation","Conviction","andrewteale.me.uk/i463",,"Originally scheduled for 2020-04-09",,,,,
"2021-05-06","Greenwich","Greenwich W","Lab","Mehboob Khan","Resignation","Politically-restricted post","andrewteale.me.uk/i464",,,,,,,
"2021-05-06","Greenwich","Kidbrooke/Hornfair","Lab","Christine Grice","Death",,"andrewteale.me.uk/i465",,,,,,,
"2021-05-06","Greenwich","Shooters Hill","Lab","Chris Kirby","Resignation",,"andrewteale.me.uk/i469",,,,,,,
"2021-05-06","Guildford","Friary/St Nicolas","LD","Caroline Reeves","Resignation",,"andrewteale.me.uk/i4455",,,,,,,
"2021-05-06","Guildford","Pirbright","Ind","Gordon Jackson","Resignation","Elected as C","andrewteale.me.uk/i4462",,,,,,,
"2021-05-06","Guildford","Send","GGBG","Patrick Sheard","Death",,"andrewteale.me.uk/i4463",,,,,,,
"2021-05-06","Hackney","Hoxton E/Shoreditch","Lab","Feryal Clark MP","Resignation",,"andrewteale.me.uk/i12960",,,,,,,
"2021-05-06","Hackney","King’s Park","Lab","Tom Rahilly","Resignation",,"andrewteale.me.uk/i12962",,,,,,,
"2021-05-06","Hackney","Stamford Hill W","C","Aron Klein","Resignation",,"andrewteale.me.uk/i12967",,,,,,,
"2021-05-06","Hackney","Woodberry Down","Lab","Jon Burke","Resignation",,"andrewteale.me.uk/i12970",,,,,,,
"2021-05-06","Harborough","Market Harborough Little Bowden","C","Frankie McHugo","Resignation",,"tinyurl.com/994p2uwv",,,,,,,
"2021-05-06","Harlow","Church Langley","C","Tony Hall","Resignation",,"andrewteale.me.uk/i3882",,,,,,,
"2021-05-06","Harlow","Toddbrook","Lab","Frances Mason","Death","COVID-19","andrewteale.me.uk/i3891",,,,,,,
"2021-05-06","Hart","Crookham W/Ewshot","CC(Hart)","Peter Collings","Resignation",,"andrewteale.me.uk/i16437",,,,,,,
"2021-05-06","Herefs","Newton Farm","Ind","Bernard Hunt","Death",,"andrewteale.me.uk/i17011",,,,,,,
"2021-05-06","Hertsmere","Borehamwood Kenilworth","C","Cynthia Barker","Death","Mayor","tinyurl.com/yx6kswcb",,,,,,,
"2021-05-06","Hertsmere","Bushey N","LD","Andrew Melville","Resignation",,"tinyurl.com/yx6kswcb",,,,,,,
"2021-05-06","Hillingdon","Charville","C","Neil Fyfe","Death",,"andrewteale.me.uk/i219",,,,,,,
"2021-05-06","Horsham","Trafalgar","LD","Leonard Crosbie","Death",,"tinyurl.com/yyhjfx3h",,,,,,,
"2021-05-06","Hounslow","Cranford","Lab","Poonam Dhillon","Death",,"andrewteale.me.uk/i241",,,,,,,
"2021-05-06","Hounslow","Hounslow Heath","Lab","Hina Kiani","Resignation",,"andrewteale.me.uk/i250",,,,,,,
"2021-05-06","Hunts","St Ives E","C","Richard Bellamy","Resignation",,"andrewteale.me.uk/i19344",,,,,,,
"2021-05-06","Hunts","Warboys","C","Jill Tavener","Resignation",,"andrewteale.me.uk/i19355",,,,,,,
"2021-05-06","Ipswich","Castle Hill","C","Robin Vickery","Resignation",,"andrewteale.me.uk/i7007",,,,,,,
"2021-05-06","Ipswich","Holywells","Lab","Jan Parry","Resignation","Mayor","andrewteale.me.uk/i7010",,,,,,,
"2021-05-06","Isle of Anglesey","Caergybi","Ind","Shaun Redmond","Death",,"andrewteale.me.uk/i14797",,,,,,,
"2021-05-06","Isle of Anglesey","Seiriol","PC","Lewis Davies","Resignation",,"andrewteale.me.uk/i14801",,,,,,,
"2021-05-06","Islington","Holloway","Lab","Paul Smith","Resignation",,"andrewteale.me.uk/i266",,,,,,,
"2021-05-06","Kingston (Thames)","Chessington S","LD","Patricia Bamford","Resignation",,"andrewteale.me.uk/i478",,,,,,,
"2021-05-06","Kirklees","Birstall/Birkenshaw","C","Charlotte Goodwin","Resignation",,"andrewteale.me.uk/i1368",,,,,,,
"2021-05-06","Knowsley","Halewood S","Ind","Allan Harvey","Death",,"andrewteale.me.uk/i17945",,,,,,,
"2021-05-06","Knowsley","St Gabriels","Lab","Dot Johnson","Resignation",,"andrewteale.me.uk/i17951",,,,,,,
"2021-05-06","Lancaster","Kellet","LD","Michael Mumford","Death",,"andrewteale.me.uk/i16659",,,,,,,
"2021-05-06","Leicester","N Evington","Lab","Jean Khote","Death",,"andrewteale.me.uk/i17492",,"Originally scheduled for 2020-04-16",,,,,
"2021-05-06","Lewes","Seaford E","C","Phil Boorman","Resignation",,"tinyurl.com/y4sfkl4k",,,,,,,
"2021-05-06","Lewes","Seaford W","C","Ian White","Resignation",,"tinyurl.com/y4sfkl4k",,,,,,,
"2021-05-06","Lewisham","Bellingham","Lab","Sue Hordijenko","Death",,"andrewteale.me.uk/i510",,,,,,,
"2021-05-06","Lewisham","Catford S","Lab","Skip Amrani","Resignation",,"andrewteale.me.uk/i513",,,,,,,
"2021-05-06","Lewisham","New Cross","Lab","Joe Dromey","Resignation",,"andrewteale.me.uk/i522",,,,,,,
"2021-05-06","Lewisham","Sydenham","Lab","Tom Copley","Resignation","Now Deputy Mayor of London for Housing","andrewteale.me.uk/i525",,,,,,,
"2021-05-06","Lichfield","Summerfield/All SS","Lab","Bernard Brown","Resignation",,"andrewteale.me.uk/i17692",,,,,,,
"2021-05-06","Liverpool","Croxteth","Lab","Joann Kushner","Resignation",,"andrewteale.me.uk/i870",,,,,,,
"2021-05-06","Luton","High Town","Lab","Rachel Hopkins MP","Resignation",,"andrewteale.me.uk/i1448",,,,,,,
"2021-05-06","Luton","Round Grn","Lab","Mark Rivers","Resignation",,"andrewteale.me.uk/i1454",,,,,,,
"2021-05-06","M Devon","Castle","LD","Irene Hill","Resignation",,"andrewteale.me.uk/i8831",,,,,,,
"2021-05-06","M Devon","Taw","C","John Daw","Death",,"andrewteale.me.uk/i8844",,,,,,,
"2021-05-06","M Devon","Westexe","Ind","Gerald Luxton","Death",,"andrewteale.me.uk/i8849",,,,,,,
"2021-05-06","M Sussex","Copthorne/Worth","Ind","Paul Budgen","Resignation",,"andrewteale.me.uk/i5402",,,,,,,
"2021-05-06","Maidstone","Detling/Thurnham","LD","Nick de Wiggondene-Sheppard","Resignation","Elected as C","andrewteale.me.uk/i4821",,,,,,,
"2021-05-06","Maldon","Heybridge E","C","Bryan Harker","Resignation",,"andrewteale.me.uk/i3896",,,,,,,
"2021-05-06","Maldon","Tollesbury","C","Elaine Bamford","Resignation",,"andrewteale.me.uk/i3906",,,,,,,
"2021-05-06","Manchester","Brooklands","Lab","Sue Murphy","Death",,"andrewteale.me.uk/i19554",,,,,,,
"2021-05-06","Manchester","Clayton/Openshaw","Ind","Kenneth Dobson","Resignation",,"andrewteale.me.uk/i19560",,,,,,,
"2021-05-06","Merton","St Helier","Lab","Kelly Braund","Resignation",,"andrewteale.me.uk/i543",,,,,,,
"2021-05-06","Milton Keynes","Central MK","Lab","Paul Williams","Resignation",,"andrewteale.me.uk/i12807",,,,,,,
"2021-05-06","Milton Keynes","Woughton/Fishermead","Lab","Shammi Akter","Resignation","Conviction","andrewteale.me.uk/i12819",,,,,,,
"2021-05-06","N Herts","Royston Palace","C","Ben Lewis","Resignation",,"andrewteale.me.uk/i3203",,,,,,,
"2021-05-06","N Kesteven","Bassingham/Brant Broughton","LincsInd","Chris Spray","Resignation",,"andrewteale.me.uk/i7973",,,,,,,
"2021-05-06","N Lincs","Ashby","Lab","John Collinson","Death",,"andrewteale.me.uk/i3006",,"Originally scheduled for 2020-03-26",,,,,
"2021-05-06","N Lincs","Bottesford","C","Derek Longcake","Death","COVID-19","andrewteale.me.uk/i3011",,,,,,,
"2021-05-06","N Lincs","Broughton/Appleby","C","Ivan Glover","Death",,"andrewteale.me.uk/i3013",,"Originally scheduled for 2020-03-26",,,,,
"2021-05-06","N Lincs","Broughton/Appleby","C","Holly Mumby-Croft MP","Death",,"andrewteale.me.uk/i3013",,"Originally scheduled for 2020-03-26",,,,,
"2021-05-06","N Norfolk","Holt","C","Duncan Baker MP","Resignation",,"tinyurl.com/14r01bgt",,,,,,,
"2021-05-06","N Somerset","Portishead E","Ind","Paul Gardner","Resignation",,"andrewteale.me.uk/i16878",,,,,,,
"2021-05-06","N Tyneside","Chirton","Lab","Margaret Reynolds","Resignation",,"andrewteale.me.uk/i1094",,,,,,,
"2021-05-06","N Tyneside","Preston","Lab","Kate Osborne MP","Resignation",,"andrewteale.me.uk/i1103",,,,,,,
"2021-05-06","N Tyneside","St Mary's","C","Leslie Miller","Resignation",,"andrewteale.me.uk/i1105",,,,,,,
"2021-05-06","N Warks","Atherstone C","Lab","Dawn Downes","Death",,"andrewteale.me.uk/i6560",,,,,,,
"2021-05-06","N Warks","Curdworth","Ind","Shelly Lebrun","Resignation","Elected as C","andrewteale.me.uk/i6566",,,,,,,
"2021-05-06","N Yorks CC","Harrogate Bilton/Nidd Gorge","LD","Geoff Webber","Death",,"andrewteale.me.uk/i8345",,,,,,,
"2021-05-06","N Yorks CC","Ribblesdale","C","Richard Welch","Death",,"andrewteale.me.uk/i8328",,,,,,,
"2021-05-06","NE Lincs","East Marsh","LD","Terry Walker","Resignation",,"andrewteale.me.uk/i2992",,,,,,,
"2021-05-06","NE Lincs","Scartho","C","Lia Nici MP","Resignation",,"andrewteale.me.uk/i2999",,,,,,,
"2021-05-06","Neath Port Talbot","Aberavon","Lab","Steffan ap Dafydd","Death",,"andrewteale.me.uk/i11377",,"Originally scheduled for 2020-04-16",,,,,
"2021-05-06","Newark/Sherwood","Boughton","C","Brendan Clarke-Smith MP","Resignation",,"andrewteale.me.uk/i17234",,,,,,,
"2021-05-06","Newcastle (Tyne)","Byker","Lab","George Allison","Death",,"andrewteale.me.uk/i19619",,,,,,,
"2021-05-06","Newham","East Ham C","Lab","Julianne Marriott","Resignation",,"andrewteale.me.uk/i296",,,,,,,
"2021-05-06","Newport","Victoria","Lab","Christine Jenkins","Resignation",,"andrewteale.me.uk/i11301",,"Originally scheduled for 2020-04-09",,,,,
"2021-05-06","NW Leics","Ibstock E","C","Daniel Tebbutt","Resignation","Elected as Lab","andrewteale.me.uk/i17342",,,,,,,
"2021-05-06","NW Leics","Worthington/Breedon","C","David Stevenson","Death",,"andrewteale.me.uk/i17356",,,,,,,
"2021-05-06","Peterborough","Fletton/Woodston","C","Louise Coles","Death","Sister-in-law of Revd Richard Coles; COVID-19","andrewteale.me.uk/i17745",,,,,,,
"2021-05-06","Redbridge","7 Kings","Lab","Stuart Bellwood","Death",,"andrewteale.me.uk/i19462",,,,,,,
"2021-05-06","Redbridge","Loxford","Lab","Chaudhary Iqbal","Resignation","Serving a 68wk prison sentence; false address on nomination papers","andrewteale.me.uk/i19458",,,,,,,
"2021-05-06","Redcar/Cleveland","Guisborough","C","Dennis Teasdale","Death",,"andrewteale.me.uk/i20669",,,,,,,
"2021-05-06","Redcar/Cleveland","Longbeck","C","Norah Cooney","Death",,"andrewteale.me.uk/i20674",,,,,,,
"2021-05-06","Reigate/Banstead","Earlswood/Whitebushes","Grn","Hal Brown","Resignation",,"andrewteale.me.uk/i21109",,,,,,,
"2021-05-06","Reigate/Banstead","Hooley/Merstham/Netherne","C","Keith Foreman","Resignation",,"andrewteale.me.uk/i21110",,,,,,,
"2021-05-06","Reigate/Banstead","Horley E/Salfords","C","Derek Allcard","Death",,"andrewteale.me.uk/i21112",,,,,,,
"2021-05-06","Rhondda Cynon Taf","Llantwit Fardre","Ind","Mike Diamond","Resignation","Elected as C","andrewteale.me.uk/i11204",,,,,,,
"2021-05-06","Rhondda Cynon Taf","Penrhiwceiber","Cynon Valley Party","Gavin Williams","Disqualification","Non-attendance","andrewteale.me.uk/i11209",,,,,,,
"2021-05-06","Ribble Vy","Billington/Langho","C","Ruth Baxter","Death",,"tinyurl.com/yxgu6pvc",,,,,,,
"2021-05-06","Ribble Vy","Mellor","C","Noel Walsh","Death",,"tinyurl.com/yxgu6pvc",,,,,,,
"2021-05-06","Richmond (Thames)","Hampton Wick","Grn","Dylan Baxendale","Resignation",,"andrewteale.me.uk/i554",,,,,,,
"2021-05-06","Rochford","Hockley/Ashingdon","C","Terry Cutmore","Death",,"andrewteale.me.uk/i17782",,,,,,,
"2021-05-06","Rochford","Hullbridge","Grn","Diane Hoy","Death",,"andrewteale.me.uk/i17783",,,,,,,
"2021-05-06","Rossendale","Stacksteads","Ind","Terence Haslam-Jones","Death",,"andrewteale.me.uk/i3558",,,,,,,
"2021-05-06","Rushcliffe","Sutton Bonington","C","Ron Hetherington","Resignation",,"andrewteale.me.uk/i19439",,,,,,,
"2021-05-06","Rushmoor","North Town","Lab","Frank Rust","Death","COVID-19","andrewteale.me.uk/i11969",,,,,,,
"2021-05-06","S Cambs","Harston/Comberton","LD","Philip Allen","Resignation",,"andrewteale.me.uk/i19319",,,,,,,
"2021-05-06","S Cambs","Melbourn","LD","Philippa Hart","Resignation",,"andrewteale.me.uk/i19323",,,,,,,
"2021-05-06","S Derbys","Church Gresley","C","Jane Perry","Resignation",,"andrewteale.me.uk/i11153",,,,,,,
"2021-05-06","S Derbys","Hilton","C","Andy Billings","Resignation","Deputy Leader of the Council","andrewteale.me.uk/i11156",,,,,,,
"2021-05-06","S Derbys","Hilton","C","Jason Wittenham","Resignation",,"andrewteale.me.uk/i11156",,,,,,,
"2021-05-06","S Derbys","Seales","C","Andrew Brady","Resignation",,"andrewteale.me.uk/i11162",,,,,,,
"2021-05-06","S Glos","Frenchay/Downend","C","Jon Hunt","Resignation",,"andrewteale.me.uk/i20083",,,,,,,
"2021-05-06","S Hams","Ivybridge W","C","David May","Death",,"andrewteale.me.uk/i17307",,,,,,,
"2021-05-06","S Kesteven","Glen","C","Chris Benn","Resignation",,"andrewteale.me.uk/i16684",,,,,,,
"2021-05-06","S Lakeland","Broughton/Coniston","C","Anne Hall","Resignation",,"andrewteale.me.uk/i19843",,,,,,,
"2021-05-06","S Lakeland","Furness Peninsula","C","James Airey","Resignation","Now NFU County Adviser","andrewteale.me.uk/i19846",,,,,,,
"2021-05-06","S Lakeland","Grange","LD","Eric Morrell","Resignation",,"andrewteale.me.uk/i19847",,,,,,,
"2021-05-06","S Lakeland","Kendal R","LD","Anne Hutton","Resignation",,"andrewteale.me.uk/i19850",,,,,,,
"2021-05-06","S Oxon","Didcot NE","Ind","Simon Hewerdine","Resignation",,"andrewteale.me.uk/i17050",,,,,,,
"2021-05-06","S Ribble","Longton/Hutton W","C","Colin Clark","Death",,"andrewteale.me.uk/i17382",,,,,,,
"2021-05-06","S Ribble","St Ambrose","Lab","Ken Jones","Death",,"andrewteale.me.uk/i17387",,,,,,,
"2021-05-06","S Tyneside","Horsley Hill","Lab","Iain Malcolm","Resignation","Leader of the Council","andrewteale.me.uk/i1121",,,,,,,
"2021-05-06","S Tyneside","Monkton","Lab","Alan Kerr","Resignation",,"andrewteale.me.uk/i1122",,,,,,,
"2021-05-06","Sandwell","Old Warley","Lab","Steve Trow","Resignation",,"andrewteale.me.uk/i1248",,,,,,,
"2021-05-06","Sandwell","Rowley","Lab","Christopher Tranter","Death",,"andrewteale.me.uk/i1251",,,,,,,
"2021-05-06","Sandwell","Wednesbury S","Lab","Bob Lloyd","Death",,"andrewteale.me.uk/i1258",,,,,,,
"2021-05-06","Sefton","Blundellsands","Lab","Samantha Marshall","Resignation",,"andrewteale.me.uk/i909",,,,,,,
"2021-05-06","Sefton","Derby","Lab","Michael O'Brien","Death",,"andrewteale.me.uk/i912",,,,,,,
"2021-05-06","Sevenoaks","Brasted/Chevening/Sundridge","C","Robert Piper","Resignation",,"andrewteale.me.uk/i4841",,,,,,,
"2021-05-06","Sheffield","Richmond","Lab","Peter Rippon","Resignation",,"andrewteale.me.uk/i16427",,,,,,,
"2021-05-06","Solihull","Elmdon","LD","Peter Davies","Resignation",,"andrewteale.me.uk/i1265",,,,,,,
"2021-05-06","Somerset W/Taunton","Trull/Pitminster/Corfe","LD","Martin Hill","Resignation",,"tinyurl.com/m8fzftc4",,,,,,,
"2021-05-06","Southend-on-Sea","St Luke’s","Ind","Paul van Looy","Death",,"andrewteale.me.uk/i1493",,,,,,,
"2021-05-06","Southend-on-Sea","Westborough","Lab","Charles Williis","Resignation","Politically-restricted post","andrewteale.me.uk/i1500",,,,,,,
"2021-05-06","Spelthorne","Staines S","Ind","Nichola Cornes","Resignation","Elected as LD","andrewteale.me.uk/i4533",,,,,,,
"2021-05-06","St Helens","Earlestown","Ind","Pam Howard","Resignation","Elected as Lab","andrewteale.me.uk/i894",,,,,,,
"2021-05-06","Staffs Moorlands","Cheadle NE","Ind","Ian Whitehouse","Death",,"andrewteale.me.uk/i5201",,,,,,,
"2021-05-06","Staffs Moorlands","Cheadle SE","Ind","Peter Elkin","Resignation",,"andrewteale.me.uk/i5202",,,,,,,
"2021-05-06","Stevenage","Roebuck","Lab","Sarah-Jane Potter","Resignation",,"andrewteale.me.uk/i3233",,,,,,,
"2021-05-06","Stockton-on-Tees","Billingham W","Ind","Chris Clough","Disqualification","Non-attendance","andrewteale.me.uk/i1686",,,,,,,
"2021-05-06","Stockton-on-Tees","Bishopsgarth/Elm Tree","LD","Julia Cherrett","Death",,"andrewteale.me.uk/i1687",,,,,,,
"2021-05-06","Stockton-on-Tees","Western Parishes","C","Andrew Stephenson","Disqualification","Non-attendance","andrewteale.me.uk/i1706",,,,,,,
"2021-05-06","Stoke-on-Trent","Moorcroft","Lab","Mohammed Pervez","Resignation",,"andrewteale.me.uk/i11053",,,,,,,
"2021-05-06","Sunderland","Copt Hill","Lab","Jack Cunningham","Resignation",,"andrewteale.me.uk/i1131",,,,,,,
"2021-05-06","Sunderland","Shiney Row","Lab","Geoffrey Walker","Death",,"andrewteale.me.uk/i1142",,,,,,,
"2021-05-06","Sunderland","Washington S","Grn","Dominic Armstrong","Resignation",,"andrewteale.me.uk/i1152",,,,,,,
"2021-05-06","Surrey Heath","Bagshot","LD","Sam Kay","Death",,"tinyurl.com/rtrkq3q",,,,,,,
"2021-05-06","Swale","Sheerness","Lab","Mark Ellen","Death",,"andrewteale.me.uk/i19390",,,,,,,
"2021-05-06","Swansea","Castle","Lab","Sybil Crouch","Death",,"andrewteale.me.uk/i11421",,,,,,,
"2021-05-06","Tandridge","Felbridge","C","Ken Harwood","Death",,"andrewteale.me.uk/i4557",,,,,,,
"2021-05-06","Tandridge","Queens Park","LD","John Orrick","Death",,"andrewteale.me.uk/i4565",,,,,,,
"2021-05-06","Tandridge","Valley","LD","Dorinda Cooper","Resignation",,"andrewteale.me.uk/i4567",,,,,,,
"2021-05-06","Telford/Wrekin","Dawley/Aqueduct","Lab","Jane Pinter","Resignation",,"andrewteale.me.uk/i16623",,,,,,,
"2021-05-06","Telford/Wrekin","Donnington","Lab","Elizabeth Clare","Death",,"andrewteale.me.uk/i16624",,"Originally scheduled for 2020-04-02",,,,,
"2021-05-06","Tendring","Eastcliff","HOSEM","Joy Broderick","Death",,"andrewteale.me.uk/i19772",,,,,,,
"2021-05-06","Tendring","W Clacton/Jaywick Sands","UKIP","Nicola Overton","Resignation",,"andrewteale.me.uk/i19792",,,,,,,
"2021-05-06","Test Vy","Andover Millway","Andover Alliance","Alison Watts","Resignation",,"andrewteale.me.uk/i20010",,,,,,,
"2021-05-06","Test Vy","Andover St Mary’s","Andover Alliance","Kevin Farrer","Resignation",,"andrewteale.me.uk/i20012",,,,,,,
"2021-05-06","Test Vy","Chilworth/Nursling/Rownhams","C","Nigel Anderdon","Death",,"andrewteale.me.uk/i20019",,"Originally scheduled for 2020-03-19",,,,,
"2021-05-06","Test Vy","Chilworth/Nursling/Rownhams","C","Alison Finlay","Death",,"andrewteale.me.uk/i20019",,,,,,,
"2021-05-06","Tewkesbury","Cleeve Hill","C","Anna Hollaway","Death",,"tinyurl.com/1hhhohua",,,,,,,
"2021-05-06","Thanet","C Harbour","Lab","Peter Campbell","Death",,"andrewteale.me.uk/i4917",,,,,,,
"2021-05-06","Thanet","Dane Valley","Thanet Ind","Gary Taylor","Resignation",,"andrewteale.me.uk/i4921",,,,,,,
"2021-05-06","Thanet","Newington","Lab","Karen Constantine","Resignation",,"andrewteale.me.uk/i4927",,"Originally scheduled for 2020-03-19",,,,,
"2021-05-06","Torbay","Clifton/Maidenway","LD","Ian Doggett","Death",,"tinyurl.com/y5w3pwt7",,,,,,,
"2021-05-06","Trafford","Longford","Lab","Anne Duffield","Resignation",,"andrewteale.me.uk/i806",,,,,,,
"2021-05-06","Trafford","Priory","Lab","Jane Baugh","Death",,"andrewteale.me.uk/i807",,,,,,,
"2021-05-06","Uttlesford","Newport","Grn","Anthony Gerard","Resignation","Elected as Residents for Uttlesford","andrewteale.me.uk/i16908",,,,,,,
"2021-05-06","Uttlesford","The Sampfords","Res 4 Uttlesford","Alan Storer","Death",,"andrewteale.me.uk/i16917",,,,,,,
"2021-05-06","Vale of White Horse","Grove N","Ind","Ruth Molyneaux","Resignation","Elected as LD","andrewteale.me.uk/i17076",,,,,,,
"2021-05-06","W Lindsey","Kelsey Wold","C","Lewis Strange","Death",,"andrewteale.me.uk/i19406",,,,,,,
"2021-05-06","W Suffolk","Clare/Hundon/Kedington","Ind","Jim Meikle","Death",,"andrewteale.me.uk/i21055",,,,,,,
"2021-05-06","W Suffolk","Lakenheath","Ind","David Gathercole","Death",,"andrewteale.me.uk/i21068",,,,,,,
"2021-05-06","W Suffolk","Moreton Hall","C","Frank Warby","Resignation","Elected as Ind","andrewteale.me.uk/i21074",,,,,,,
"2021-05-06","Wakefield","Airedale/Ferry Fryston","Ind","Alex Kear","Disqualification","Serving a 4yr prison sentence: paedophile offences","andrewteale.me.uk/i1421",,,,,,,
"2021-05-06","Waltham Forest","Hatch Lane","C","Geoff Walker","Death",,"andrewteale.me.uk/i357",,,,,,,
"2021-05-06","Wealden","Hailsham S","C","Chriss Triandafyllou","Death",,"andrewteale.me.uk/i19207",,,,,,,
"2021-05-06","Wealden","Heathfield N","C","Dick Angel","Death",,"andrewteale.me.uk/i19210",,,,,,,
"2021-05-06","Wealden","Heathfield S","C","John Thomas","Resignation",,"andrewteale.me.uk/i19211",,,,,,,
"2021-05-06","Wigan","Orrell","C","Richard Clayton","Death",,"andrewteale.me.uk/i830",,,,,,,
"2021-05-06","Winchester","St Michael","LD","Kim Gottlieb","Resignation",,"andrewteale.me.uk/i17967",,,,,,,
"2021-05-06","Wirral","New Brighton","Lab","Pat Hackett","Resignation",,"andrewteale.me.uk/i1942",,,,,,,
"2021-05-06","Wolverhampton","Heath Town","Lab","Caroline Siarkiewicz","Resignation",,"andrewteale.me.uk/i1306",,,,,,,
"2021-05-06","Wolverhampton","Tettenhall Wightwick","C","Jane Stevenson MP","Resignation",,"andrewteale.me.uk/i1314",,,,,,,
"2021-05-06","Wychavon","Elmley Castle/Somerville","C","George Mackison","Resignation",,"andrewteale.me.uk/i5589",,,,,,,
,"Renfs","Paisley SE","Ind","Paul Mack","Disqualification","Standards Commission for Scotland","andrewteale.me.uk/i18508",,,,,,,
,"Stirling","Forth/Endrick","SNP","Graham Lambie","Death",,"andrewteale.me.uk/i18544",,,,,,,
